<!DOCTYPE suite SYSTEM "http://testng.org/testng-1.0.dtd">
<suite name="QAS Demo" verbose="0">

	<!-- <parameter name="driver.name" value="firefoxDriver" /> -->
	<!-- <test name="BDD Test" enabled="true">
		<classes>
			<class name="com.qmetry.qaf.automation.step.client.text.BDDTestFactory"></class>
		</classes>
	</test>

	<test name="KWD Test" enabled="false">
		<classes>
			<class name="com.qmetry.qaf.automation.step.client.csv.KwdTestFactory"></class>
		</classes>
	</test> -->
<test name="KWD Test" enabled="true">
		<classes>
			<class name="com.qmetry_try.Testpage"></class>
		</classes>
	</test>

</suite>